cod_local;local;zona
510;AREQUIPA-2-MK;Provincia
449;CUSCO-MK;Provincia
522;MAKRO-AREQUIPA;Provincia
358;MAKRO-CALLAO;Lima
1249;MAKRO-CANETE;Provincia
564;MAKRO-CHICLAYO;Provincia
1250;MAKRO-CHIMBOTE;Provincia
896;MAKRO-CHINCHA;Provincia
893;MAKRO-COMAS;Lima
898;MAKRO-HUACHO;Provincia
895;MAKRO-HUANCAYO;Provincia
1058;MAKRO-HUAYLAS;Lima
897;MAKRO-ICA;Provincia
357;MAKRO-INDEPENDENCIA;Lima
892;MAKRO-PIURA;Provincia
710;MAKRO-SAN-JUAN-DE-LURIGANCHO;Lima
1252;MAKRO-SAN-MARTIN-DE-PORRES;Lima
359;MAKRO-SANTA-ANITA;Lima
2273;MAKRO-SJM;Lima
360;MAKRO-SURCO;Lima
891;MAKRO-TRUJILLO-I;Provincia
899;MAKRO-TRUJILLO-II;Provincia
1033;MAKRO-VENEZUELA;Lima
894;MAKRO-VILLA-EL-SALVADOR;Lima
509;PIURA-2-MK;Provincia
258;PLAZA-VEA-CHACLACAYO;Lima
259;PVEA-MOQUEGUA;Provincia
262;PVEA-TALARA-MALL;Provincia
3;PVO-PLAZA-VEA-HUANUCO;Provincia
4;PVO-PLAZA-VEA-JAEN;Provincia
2;PVO-PLAZA-VEA-PUCALLPA;Provincia
5;PVO-PLAZA-VEA-TARAPOTO;Provincia
206;SPSA-EMAX-LA-PAZ;Por confirmar
1593;SPSA-PLAZA-VEA-AVENTURA-SJL;Lima
159;SPSA-PVEA-ACHO;Lima
139;SPSA-PVEA-ALAMEDA-SUR;Lima
118;SPSA-PVEA-ALFONSO-UGARTE;Lima
104;SPSA-PVEA-AREQUIPA;Provincia
66;SPSA-PVEA-ATE;Lima
108;SPSA-PVEA-AYACUCHO;Provincia
221;SPSA-PVEA-BARRANCA;Provincia
52;SPSA-PVEA-BRASIL;Lima
224;SPSA-PVEA-BRENA;Lima
225;SPSA-PVEA-CAJAMARCA;Provincia
59;SPSA-PVEA-CALLAO;Lima
10;SPSA-PVEA-CAMINOS-DEL-INCA;Lima
134;SPSA-PVEA-CENTRO-CIVICO;Lima
112;SPSA-PVEA-CERES;Por confirmar
102;SPSA-PVEA-CHICLAYO;Provincia
769;SPSA-PVEA-CHICLAYO-MALL;Provincia
130;SPSA-PVEA-CHIMBOTE;Provincia
142;SPSA-PVEA-CHINCHA;Provincia
141;SPSA-PVEA-CHOSICA;Lima
135;SPSA-PVEA-COLONIAL;Lima
84;SPSA-PVEA-COMAS;Lima
110;SPSA-PVEA-CORPAC;Lima
61;SPSA-PVEA-CORTIJO;Por confirmar
516;SPSA-PVEA-COSTANERA-ILO;Provincia
223;SPSA-PVEA-CUSCO-ARSOBIZPO;Provincia
1198;SPSA-PVEA-CUSCO-WANCHAQ;Provincia
109;SPSA-PVEA-DASSO;Lima
261;SPSA-PVEA-EL-AGUSTINO;Lima
123;SPSA-PVEA-EL-CHACARERO;Por confirmar
132;SPSA-PVEA-EL-EJERCITO;Por confirmar
156;SPSA-PVEA-EL-TAMBO;Provincia
238;SPSA-PVEA-GRIFO-MEXICO;Lima
133;SPSA-PVEA-GUARDIA-CIVIL;Lima
48;SPSA-PVEA-HIGUERETA;Lima
144;SPSA-PVEA-HUACHO;Provincia
115;SPSA-PVEA-HUANCAYO;Provincia
201;SPSA-PVEA-HUARAL;Provincia
122;SPSA-PVEA-ICA;Provincia
198;SPSA-PVEA-IGLESIAS;Por confirmar
117;SPSA-PVEA-IZAGUIRRE;Lima
37;SPSA-PVEA-JOCKEY;Lima
147;SPSA-PVEA-JULIACA;Provincia
80;SPSA-PVEA-LA-BOLICHERA;Por confirmar
291;SPSA-PVEA-LA-CURVA;Por confirmar
81;SPSA-PVEA-LA-MOLINA;Lima
219;SPSA-PVEA-LA-PERLA;Lima
1;SPSA-PVEA-LOS-OLIVOS;Lima
202;SPSA-PVEA-LURIN;Lima
215;SPSA-PVEA-MAGDALENA;Lima
107;SPSA-PVEA-MERCADERES;Por confirmar
64;SPSA-PVEA-MIRAFLORES;Lima
143;SPSA-PVEA-NUEVO-CHIMBOTE;Provincia
226;SPSA-PVEA-PAITA;Provincia
236;SPSA-PVEA-PISCO;Provincia
145;SPSA-PVEA-PIURA;Provincia
333;SPSA-PVEA-PLACITA;Por confirmar
68;SPSA-PVEA-PRIMAVERA;Lima
114;SPSA-PVEA-PRO;Lima
216;SPSA-PVEA-PROCERES;Lima
119;SPSA-PVEA-PUENTE-PIEDRA;Lima
172;SPSA-PVEA-PUNO;Provincia
723;SPSA-PVEA-PURUCHUCO;Lima
203;SPSA-PVEA-RIMAC-ALCAZAR;Lima
89;SPSA-PVEA-RISSO;Lima
105;SPSA-PVEA-SALAMANCA;Lima
229;SPSA-PVEA-SALAVERRY;Lima
195;SPSA-PVEA-SAN-BORJA;Lima
227;SPSA-PVEA-SAN-ISIDRO;Lima
96;SPSA-PVEA-SAN-JORGE;Por confirmar
1199;SPSA-PVEA-SAN-MIGUEL;Lima
126;SPSA-PVEA-SANTA-CLARA;Lima
125;SPSA-PVEA-SJ-LURIGANCHO;Lima
465;SPSA-PVEA-SUCRE;Por confirmar
192;SPSA-PVEA-SULLANA;Provincia
146;SPSA-PVEA-TACNA;Provincia
177;SPSA-PVEA-TALARA;Provincia
193;SPSA-PVEA-TRUJILLO-MANSICHE;Provincia
220;SPSA-PVEA-TRUJILLO-VALCARCEL;Provincia
724;SPSA-PVEA-TUMBES;Provincia
120;SPSA-PVEA-UNIVERSITARIA;Lima
106;SPSA-PVEA-VALLE-HERMOSO;Lima
231;SPSA-PVEA-VENTANILLA;Lima
158;SPSA-PVEA-VILLA-EL-SALVADOR;Lima
94;SPSA-VIVANDA-BENAVIDES;Lima
93;SPSA-VIVANDA-DOS-DE-MAYO;Lima
116;SPSA-VIVANDA-JAVIER-PRADO;Lima
140;SPSA-VIVANDA-LIBERTADORES;Lima
95;SPSA-VIVANDA-MONTERRICO;Lima
19;SPSA-VIVANDA-PARDO;Lima
90;SPSA-VIVANDA-PEZET;Lima
511;SULLANA-MK;Provincia
448;ZARATE-2-–-MK;Lima
